1,1,243,fwe,43,2023/07/26 14:47:04,Saul Weintraub 1,,
3,3,Number,Name,42dw,2023/07/27 11:34:26,Saul Weintraub 1,2023/08/01 10:32:03,Saul Weintraub 1
1e2e,2312,xcdrty,sfjmd,fqwdq,2023/07/27 11:36:35,Saul Weintraub 1,,
fqwdqw,gwegwefqf,243,fwe,fqwfqwfqwfq,2023/07/27 11:38:46,Saul Weintraub 1,,
tj6jyjyj,fwdasxjjjj,Number,Name,yjjtjyj,2023/07/27 11:42:37,Saul Weintraub 1,,
nnnnnnnnnn,nnnnnnnnnnnnnnn,35yer,dfsdf,nnnnnnnnn,2023/07/27 11:44:05,Saul Weintraub 1,,
435242,231,xcdrty,sfjmd,hergwqw,2023/07/27 11:56:44,Saul Weintraub 1,,
434,332,243,fwe,t454,2023/08/01 10:32:19,Saul Weintraub 1,,
356,642,35yer,dfsdf,90994,2023/08/02 11:05:30,Saul Weintraub 1,2023/08/02 11:05:48,Saul Weintraub 1
vtnrtnrg,gnefefvs,243,fwe,kutku,2023/08/02 13:05:13,Saul Weintraub 1,,
